ADDRESS,LABEL_TYPE,LABEL_SUBTYPE,ADDRESS_NAME,PROJECT_NAME
Sysvar1nstructions1111111111111111111111111,chadmin,general_contract,sysvar: instructions,solana
Ed25519SigVerify111111111111111111111111111,chadmin,general_contract,new_ed25519_instruction,solana
Vote111111111111111111111111111111111111111,chadmin,general_contract,voteinstruction,solana
MemoSq4gqABAXKb96qnH8TysNcWxMyWCqXgDLGmfcHr,chadmin,general_contract,memo program,solana
NativeLoader1111111111111111111111111111111,chadmin,general_contract,native loader,solana
namesLPneVptA9Z5rqUDD9tMTWEJwofgaYwp8cawRkX,chadmin,general_contract,name service,solana
MoveLdr111111111111111111111111111111111111,chadmin,general_contract,move loader,solana
cjZwoGV8Wuie5iqrD6Vu1VkC7SATAVjL1Xsu4jau3Fc,chadmin,token_contract,solana: token contract,solana
6A1FK2YtWCdrCCeynusgNt8GPgT2b791U8qc1qbsVF5w,chadmin,token_contract,solana: token contract,solana
44pKNRc3XCHz7PTobtXaGrJAiesVzooLRFdu8eXuBjHw,chadmin,token_contract,solana: token contract,solana
xxnN5mmq3jQoanZRbGtR2PYsdXDhNqozA5kGaNisovf,chadmin,token_contract,solana: token contract,solana
9ZyKwcQkCgaJ62kcjiiBHPyQVeDJPJaPFTRh7s8QgHWz,chadmin,token_contract,solana: token contract,solana
9MVBpvqexubcb36YZfYhKJ2FZX4jY779AHVAYqZAARiX,chadmin,token_contract,solana: token contract,solana
AaDTmFZB4hsgeviYw5mNtFfwCE4cZgbFriwBSSSd5vSz,chadmin,token_contract,solana: token contract,solana
AM13XKQXgqQRzjw1BpWVPgnGgjyg55rWuPuSBLBMYWGX,chadmin,token_contract,solana: token contract,solana
AdQxigrZn5Ekz1Dr2MYE6yys8jGjkYUgx71boYaLmkNn,chadmin,token_contract,solana: token contract,solana
6tdKtJ25vog86gsAbFgzYSQ9F1ReZa6toY5PvG5xyZP7,chadmin,token_contract,solana: token contract,solana
FaR2PgCpiSgVFxCnhBE9Y171eV9VZc2jaQWoFkatZSD3,chadmin,token_contract,solana: token contract,solana
8zsWqEcpVvvPYnBbvGPcYC3BHAYCUTE6BdEShebneeEP,chadmin,token_contract,solana: token contract,solana
6oi4DFUS5gCdV7yTuMoTscyE51yaM78UxaKJHGY7Hq6J,chadmin,token_contract,solana: token contract,solana
G14W1f6QZj1PSp1VSPc4rQxzASxA5jQbtmCHc6aLbDh7,chadmin,token_contract,solana: token contract,solana
7SEDYkc95SwnLCqZiQ5QvjQZweZPz6kkwpebfSEz8tJK,chadmin,token_contract,solana: token contract,solana
5W3EdVVFiWTS5oiVVW3WVXebDhAC9EX8gWkSwus7zETE,chadmin,token_contract,solana: token contract,solana
98CQugNgcAifL83ULXicinyRovMHGde7uM58cP1nTd4A,chadmin,token_contract,solana: token contract,solana
DeW7qFtzsqFKEoKz7TmJBy5sy38dpJnP9eAQRaf4UinR,chadmin,token_contract,solana: token contract,solana
BYosJ8uJvCSn7mjk8tj9ShMq1aCFDWA44NTGm343p72T,chadmin,token_contract,solana: token contract,solana
DoNK17TFhYruRUqoyZFvsBtJaXT1otJGPBrTBd4J8ymF,chadmin,token_contract,solana: token contract,solana
B9fp6bEM8XRW1gRGKHcjNUU3juSyvibfqR5WXJdeaQD8,chadmin,token_contract,solana: token contract,solana
6ZeA2WfKg5w7EJwZccjvcbP1SfygvvV6wiscZLVGDKKj,chadmin,token_contract,solana: token contract,solana
9gZeAXH8KWPTaqUJJmnq4dUExLBEtog821jMgrZFoswK,chadmin,token_contract,solana: token contract,solana
HRop1zwviT6DYqx45qZ7xkt9YS2bBLEVUGJtBeMPtV5j,chadmin,token_contract,solana: token contract,solana
Cv5ooCXHJvDuWaQXR4yCEn19xe8sRT6cAiqLQDxq6FTf,chadmin,token_contract,solana: token contract,solana
CM6aPHKeZwk7ccY58RDgNVHkbpoPWhKg9Z2t69as2YVk,chadmin,token_contract,solana: token contract,solana
DUfpyaRrWDGojaWhDcJQvWcqQqXL9BdMwWqJT2BcJiye,chadmin,token_contract,solana: token contract,solana
CpgDyK9P2yMqnRRpTFrxovQ1FAFcpp1cJXBHQ5Rbs6bL,chadmin,token_contract,solana: token contract,solana
q7kYmPTaXohiwKS16ydSCHnkSBNttJs5BNixpBccus3,chadmin,token_contract,solana: token contract,solana
A94v4HchZEtsHEdYo9bMb4RofEk5XvqdsH2NUi5V4BnC,chadmin,token_contract,solana: token contract,solana
ComputeBudget111111111111111111111111111111,chadmin,general_contract,compute budget program,solana
Feat1YXHhH6t1juaWF74WLcfv4XoNocjXA6sPWHNgAse,chadmin,general_contract,feature proposal,solana
SysvarS1otHistory11111111111111111111111111,chadmin,general_contract,sysvar: slot history,solana
SysvarRewards111111111111111111111111111111,chadmin,rewards,sysvar: rewards,solana
Memo1UhkJRfHyvLMcVucJwxXeuD728EqVDDwQDxFMNo,chadmin,general_contract,memo program,solana
memo1uhkjrfhyvlmcvucjwxxeud728eqvddwqdxfmno,chadmin,general_contract,memo program,solana
LendZqTs7gn5CTSJU1jWKhKuVpjJGom45nnwPb2AMTi,chadmin,general_contract,token lending program,solana
GDDMwNyyx8uB6zrqwBFHjLLG3TBYk2F8Az4yrQC5RzMp,chadmin,general_contract,sequence enforcer,solana
Sysvar1111111111111111111111111111111111111,chadmin,general_contract,sysvar,solana
betw959P4WToez4DkuXwNsJszqbpe3HuY56AcG5yevx,chadmin,general_contract,binary option,solana
6FJon3QE27qgPVggARueB22hLvoh22VzJpXv4rBEoSLF,chadmin,general_contract,ido program,solana
shmem4EWT2sPdVGvTZCzXXRAURL9G5vpPxNwSeKhHUL,chadmin,general_contract,shared memory program,solana
AddressMap111111111111111111111111111111111,chadmin,general_contract,address map program,solana
Config1111111111111111111111111111111111111,chadmin,general_contract,config_instruction,solana
SwapsVeCiPHMUAtzQWZw7RjsKjgCjhwU55QGu4U1Szw,chadmin,general_contract,token swap program,solana
SwaPpA9LAaLfeLi3a68M4DjnLqgtticKg6CnyNwgAC8,chadmin,general_contract,swap program,solana
AddressLookupTab1e1111111111111111111111111,chadmin,general_contract,address lookup table program,solana
KeccakSecp256k11111111111111111111111111111,chadmin,general_contract,new_secp256k1_instruction,solana
HMy3fDyagkMrzf8q7SFXqVMdjokZMprbSgb7McLVAfCE,chadmin,token_contract,solana: token contract,solana
ApkbL62ZdGhbNF7rCh1YFd3XXEf8zBpbjouhT6gsBTgv,chadmin,token_contract,solana: token contract,solana
HTjpH1yDZ6xGnjUvGkK6W7BTT7SnewmU2Nzk4rXdJfwG,chadmin,token_contract,solana: token contract,solana
SysvarRecentB1ockHashes11111111111111111111,chadmin,general_contract,sysvar: recent blockhashes,solana
Stake11111111111111111111111111111111111111,chadmin,general_contract,stakeinstruction,solana
SysvarFees111111111111111111111111111111111,chadmin,general_contract,sysvar: fees,solana
SysvarC1ock11111111111111111111111111111111,chadmin,general_contract,clock program,solana
SysvarEpochSchedu1e111111111111111111111111,chadmin,general_contract,sysvar: epoch schedule,solana
TokenzQdBNbLqP5VEhdkAS6EPFLC1PHnBqCXEpPxuEb,chadmin,general_contract,token 2022 program,solana
781wH11JGQgEoBkBzuc8uoQLtp8KxeHk1yZiS1JhFYKy,chadmin,general_contract,solana phone preorder,solana
BPFLoader1111111111111111111111111111111111,chadmin,general_contract,bpf loader,solana
BPFLoaderUpgradeab1e11111111111111111111111,chadmin,general_contract,loaderinstruction,solana
SysvarStakeHistory1111111111111111111111111,chadmin,staking_contract,sysvar: stake history,solana
TokenGPvbdGVxr1b2hvZbsiqW5xWH25efTNsLJA8knL,chadmin,general_contract,associated token program,solana
ATokenGPvbdGVxr1b2hvZbsiqW5xWH25efTNsLJA8knL,chadmin,general_contract,associated token account,solana
SysvarRent111111111111111111111111111111111,chadmin,general_contract,rent program,solana
SPoo1Ku8WFXoNDMHPsrGSTSG1Y47rzgn41SLUNakuHy,chadmin,general_contract,stake pool program,solana
SysvarS1otHashes111111111111111111111111111,chadmin,general_contract,sysvar: slot hashes,solana
TokenkegQfeZyiNwAJbNbGKPFXCWuBvf9Ss623VQ5DA,chadmin,general_contract,token program,solana
ReciQBw6sQKH9TVVJQDnbnJ5W7FP539tPHjZhRF4E9r,chadmin,general_contract,record program,solana
BPFLoader2111111111111111111111111111111111,chadmin,general_contract,bpf loader 2,solana
ï»¿